Country,City,Random_Point_Latitude,Random_Point_Longitude
Chile,Rancagua,-34.22814585541329,-70.6005385958293
Chile,Rancagua,-34.17477380792777,-70.71777435474385
Chile,Rancagua,-34.07478437028089,-70.87322057698874
Chile,Rancagua,-34.29568567325657,-70.6519448578721
Chile,Rancagua,-34.15906170643297,-70.73804427346926
Chile,Rancagua,-34.051270395972175,-70.6302073826145
Chile,Rancagua,-34.288534424066185,-70.81707743690387
Chile,Rancagua,-34.12330030509368,-70.711784227346
Chile,Rancagua,-34.091780304850914,-70.67518880081622
Chile,Rancagua,-34.20329551303436,-70.58665878677063
Chile,Rancagua,-34.09567819034122,-70.90303466002571
Chile,Rancagua,-34.08754942240622,-70.7480055476922
Chile,Rancagua,-34.11493824017557,-70.63912702955689
Chile,Rancagua,-34.25236127045731,-70.59472241133949
Chile,Rancagua,-34.19281420639469,-70.67022475519128
Chile,Rancagua,-34.05936115006331,-70.70354219532577
Chile,Rancagua,-34.131593403382666,-70.67723637084032
Chile,Rancagua,-34.27855370681397,-70.77276820158453
Chile,Rancagua,-34.21376837379091,-70.86765593102201
Chile,Rancagua,-34.20370240140883,-70.84418161262774
Chile,Rancagua,-34.14012400388894,-70.80563760996797
Chile,Rancagua,-34.1939359766958,-70.81881265750013
Chile,Rancagua,-34.17013913856635,-70.68747727125694
Chile,Rancagua,-34.13608907255755,-70.64234997447156
Chile,Rancagua,-34.08843125753205,-70.67263164039332
Chile,Rancagua,-34.213123862067384,-70.71258747136703
Chile,Rancagua,-34.28310007806134,-70.78385884242078
Chile,Rancagua,-34.16073209136281,-70.69309324052533
Chile,Rancagua,-34.17964421106203,-70.91124021675564
Chile,Rancagua,-34.28074759408506,-70.82386140510064
Chile,Rancagua,-34.241090711663155,-70.7166617123857
Chile,Rancagua,-34.22840260228744,-70.61917343367945
Chile,Rancagua,-34.19434485075962,-70.60478919641457
Chile,Rancagua,-34.12560097625168,-70.61230629404416
Chile,Rancagua,-34.23307517208155,-70.85596861184419
Chile,Rancagua,-34.2068205110072,-70.58286665687633
Chile,Rancagua,-34.176782101943765,-70.90797415713185
Chile,Rancagua,-34.15756682256658,-70.74435318236266
Chile,Rancagua,-34.09564613167128,-70.8033851252518
